Location,Warehouse
HCM-A1,HCMC Warehouse
HCM-A2,HCMC Warehouse
HCM-A3,HCMC Warehouse
HCM-A4,HCMC Warehouse
HCM-A5,HCMC Warehouse
HCM-B1,HCMC Warehouse
HCM-B2,HCMC Warehouse
HCM-B3,HCMC Warehouse
HCM-B4,HCMC Warehouse
HCM-B5,HCMC Warehouse
HN-A1,Hanoi Warehouse
HN-A2,Hanoi Warehouse
HN-A3,Hanoi Warehouse
HN-A4,Hanoi Warehouse
HN-A5,Hanoi Warehouse
HN-B1,Hanoi Warehouse
HN-B2,Hanoi Warehouse
HN-B3,Hanoi Warehouse
HN-B4,Hanoi Warehouse
HN-B5,Hanoi Warehouse
DN-A1,Da Nang Warehouse
DN-A2,Da Nang Warehouse
DN-A3,Da Nang Warehouse
DN-A4,Da Nang Warehouse
DN-A5,Da Nang Warehouse
DN-B1,Da Nang Warehouse
DN-B2,Da Nang Warehouse
DN-B3,Da Nang Warehouse
DN-B4,Da Nang Warehouse
DN-B5,Da Nang Warehouse
